{
    "vanishing_points": [
        {
            "vp_length": [
                531.0,
                -33569.0
            ]
        },
        {
            "vp_height": [
                -1955.983606557377,
                520.8196721311475
            ]
        },
        {
            "vp_width": [
                620.734693877551,
                -15.857142857142858
            ]
        }
    ]
}